
INSERT INTO arinabodina_album (id, title, preview, indexOnMain, date) VALUES (1, 'Тестовый альбом', 'albumtumb/1и.jpg', 3, '2015-03-21');
INSERT INTO arinabodina_album (id, title, preview, indexOnMain, date) VALUES (2, 'ВТорой альбом', 'albumtumb/6.jpg', 1, '2015-03-16');
INSERT INTO arinabodina_album (id, title, preview, indexOnMain, date) VALUES (3, 'MainAlbum', 'albumtumb/5.jpg', NULL, '2015-04-05');

INSERT INTO arinabodina_albumimage (id, album_id, image) VALUES (2, 1, 'albumphotos/2_34NEdWk.jpg');
INSERT INTO arinabodina_albumimage (id, album_id, image) VALUES (3, 1, 'albumphotos/3.jpg');
INSERT INTO arinabodina_albumimage (id, album_id, image) VALUES (5, 1, 'albumphotos/5.jpg');
INSERT INTO arinabodina_albumimage (id, album_id, image) VALUES (6, 3, 'albumphotos/1_rE50Wcg.jpg');
INSERT INTO arinabodina_albumimage (id, album_id, image) VALUES (7, 3, 'albumphotos/2_ekrRfed.jpg');
INSERT INTO arinabodina_albumimage (id, album_id, image) VALUES (8, 3, 'albumphotos/3_KVaLnep.jpg');
INSERT INTO arinabodina_albumimage (id, album_id, image) VALUES (9, 3, 'albumphotos/4_wPs6mWk.jpg');
INSERT INTO arinabodina_albumimage (id, album_id, image) VALUES (10, 3, 'albumphotos/5_h0dGJXE.jpg');
INSERT INTO arinabodina_albumimage (id, album_id, image) VALUES (11, 3, 'albumphotos/6.jpg');
INSERT INTO arinabodina_albumimage (id, album_id, image) VALUES (12, 3, 'albumphotos/7.jpg');
INSERT INTO arinabodina_albumimage (id, album_id, image) VALUES (13, 3, 'albumphotos/8.jpg');
INSERT INTO arinabodina_albumimage (id, album_id, image) VALUES (14, 3, 'albumphotos/91.jpg');
INSERT INTO arinabodina_albumimage (id, album_id, image) VALUES (15, 2, 'albumphotos/IMG_0138.jpg');
INSERT INTO arinabodina_albumimage (id, album_id, image) VALUES (16, 2, 'albumphotos/IMG_0241_f.jpg');
INSERT INTO arinabodina_albumimage (id, album_id, image) VALUES (17, 2, 'albumphotos/IMG_0222.jpg');
INSERT INTO arinabodina_albumimage (id, album_id, image) VALUES (18, 1, 'albumphotos/ava.jpg');
INSERT INTO arinabodina_albumimage (id, album_id, image) VALUES (19, 1, 'albumphotos/IMG_6220.JPG');
INSERT INTO arinabodina_albumimage (id, album_id, image) VALUES (20, 1, 'albumphotos/IMG_7819.jpg');
INSERT INTO arinabodina_albumimage (id, album_id, image) VALUES (21, 1, 'albumphotos/IMG_7296.jpg');

INSERT INTO thumbnail_kvstore ("key", value) VALUES ('sorl-thumbnail||image||1f1919630d3e0331293bfa124484795a', '{"size": [1000, 600], "storage": "django.core.files.storage.FileSystemStorage", "name": "albumphotos/2_34NEdWk.jpg"}');
INSERT INTO thumbnail_kvstore ("key", value) VALUES ('sorl-thumbnail||image||c5e42fa719d0d48c335cce67a9900f41', '{"size": [400, 400], "storage": "django.core.files.storage.FileSystemStorage", "name": "cache/5d/da/5ddae747daa5c4df1d66d14fb330b431.jpg"}');
INSERT INTO thumbnail_kvstore ("key", value) VALUES ('sorl-thumbnail||thumbnails||1f1919630d3e0331293bfa124484795a', '["c5e42fa719d0d48c335cce67a9900f41"]');
INSERT INTO thumbnail_kvstore ("key", value) VALUES ('sorl-thumbnail||image||a2bb0036d333b59bc7a22507c71ad7cc', '{"size": [1000, 600], "storage": "django.core.files.storage.FileSystemStorage", "name": "albumphotos/3.jpg"}');
INSERT INTO thumbnail_kvstore ("key", value) VALUES ('sorl-thumbnail||image||0ebb4b57711765f37d4281fb9dd60b7b', '{"size": [400, 400], "storage": "django.core.files.storage.FileSystemStorage", "name": "cache/f9/72/f9726cf1c1ad2d24b3711293ec8ead36.jpg"}');
INSERT INTO thumbnail_kvstore ("key", value) VALUES ('sorl-thumbnail||thumbnails||a2bb0036d333b59bc7a22507c71ad7cc', '["0ebb4b57711765f37d4281fb9dd60b7b"]');
INSERT INTO thumbnail_kvstore ("key", value) VALUES ('sorl-thumbnail||image||39718b34d192229e233dcfbb2add52da', '{"size": [1000, 600], "storage": "django.core.files.storage.FileSystemStorage", "name": "albumphotos/5.jpg"}');
INSERT INTO thumbnail_kvstore ("key", value) VALUES ('sorl-thumbnail||image||7ad612d12800c6470b6d31c2db3103f2', '{"size": [400, 400], "storage": "django.core.files.storage.FileSystemStorage", "name": "cache/62/54/6254ab95d3d222491a9c0db208a48b65.jpg"}');
INSERT INTO thumbnail_kvstore ("key", value) VALUES ('sorl-thumbnail||thumbnails||39718b34d192229e233dcfbb2add52da', '["7ad612d12800c6470b6d31c2db3103f2"]');
INSERT INTO thumbnail_kvstore ("key", value) VALUES ('sorl-thumbnail||image||6d17b69e4e35fc23d13061432d94de5d', '{"size": [427, 604], "storage": "django.core.files.storage.FileSystemStorage", "name": "albumphotos/ava.jpg"}');
INSERT INTO thumbnail_kvstore ("key", value) VALUES ('sorl-thumbnail||image||a96c625393f41ad2b164d928fd041046', '{"size": [400, 400], "storage": "django.core.files.storage.FileSystemStorage", "name": "cache/81/bd/81bd0e3714594e021a20a18f99c615d5.jpg"}');
INSERT INTO thumbnail_kvstore ("key", value) VALUES ('sorl-thumbnail||thumbnails||6d17b69e4e35fc23d13061432d94de5d', '["a96c625393f41ad2b164d928fd041046"]');
INSERT INTO thumbnail_kvstore ("key", value) VALUES ('sorl-thumbnail||image||ccb2d3ff8f4d3fadb03943d485cea4b9', '{"size": [553, 553], "storage": "django.core.files.storage.FileSystemStorage", "name": "albumphotos/IMG_6220.JPG"}');
INSERT INTO thumbnail_kvstore ("key", value) VALUES ('sorl-thumbnail||image||a1b470dd32806dbcf14cf412807a5a3a', '{"size": [400, 400], "storage": "django.core.files.storage.FileSystemStorage", "name": "cache/3f/25/3f2539e09924eb46730307b34f94f532.jpg"}');
INSERT INTO thumbnail_kvstore ("key", value) VALUES ('sorl-thumbnail||thumbnails||ccb2d3ff8f4d3fadb03943d485cea4b9', '["a1b470dd32806dbcf14cf412807a5a3a"]');
INSERT INTO thumbnail_kvstore ("key", value) VALUES ('sorl-thumbnail||image||d2a0ae24c2fe826fe062e09f0ce1655b', '{"size": [4596, 3447], "storage": "django.core.files.storage.FileSystemStorage", "name": "albumphotos/IMG_7819.jpg"}');
INSERT INTO thumbnail_kvstore ("key", value) VALUES ('sorl-thumbnail||image||fd84ea384e24d0a8049126c8754ed406', '{"size": [400, 400], "storage": "django.core.files.storage.FileSystemStorage", "name": "cache/ad/4a/ad4ad4defc815df4c68a5590821b5569.jpg"}');
INSERT INTO thumbnail_kvstore ("key", value) VALUES ('sorl-thumbnail||thumbnails||d2a0ae24c2fe826fe062e09f0ce1655b', '["fd84ea384e24d0a8049126c8754ed406"]');
INSERT INTO thumbnail_kvstore ("key", value) VALUES ('sorl-thumbnail||image||f9e5eafe1026efe54ea166942198a1c6', '{"size": [4950, 3300], "storage": "django.core.files.storage.FileSystemStorage", "name": "albumphotos/IMG_7296.jpg"}');
INSERT INTO thumbnail_kvstore ("key", value) VALUES ('sorl-thumbnail||image||ac517977997f996fdab15800e543c277', '{"size": [400, 400], "storage": "django.core.files.storage.FileSystemStorage", "name": "cache/79/50/79509434226be4f972b0bf5647b260af.jpg"}');
INSERT INTO thumbnail_kvstore ("key", value) VALUES ('sorl-thumbnail||thumbnails||f9e5eafe1026efe54ea166942198a1c6', '["ac517977997f996fdab15800e543c277"]');
INSERT INTO thumbnail_kvstore ("key", value) VALUES ('sorl-thumbnail||image||ae8ac7d1b72dbbf69e26870ec563b05b', '{"size": [1500, 900], "storage": "django.core.files.storage.FileSystemStorage", "name": "cache/24/55/24554f1f40d76989c0ae5677e6494d63.jpg"}');
INSERT INTO thumbnail_kvstore ("key", value) VALUES ('sorl-thumbnail||image||2ece7bb6271d1f5ac3a32b99e4a4ffa0', '{"size": [1500, 900], "storage": "django.core.files.storage.FileSystemStorage", "name": "cache/d8/84/d884bae663316c19df1f5b5d5b960065.jpg"}');
INSERT INTO thumbnail_kvstore ("key", value) VALUES ('sorl-thumbnail||image||0f98e3ac030614b14073f8e7940127d0', '{"size": [1500, 900], "storage": "django.core.files.storage.FileSystemStorage", "name": "cache/91/eb/91ebb49f5a89d71e7f6d2c5ba02c2c0b.jpg"}');
INSERT INTO thumbnail_kvstore ("key", value) VALUES ('sorl-thumbnail||image||4d48f1a9dac6d492d5d9f28c5bf5726f', '{"size": [1500, 2122], "storage": "django.core.files.storage.FileSystemStorage", "name": "cache/ea/70/ea701feeddb3172db85134a390118e99.jpg"}');
INSERT INTO thumbnail_kvstore ("key", value) VALUES ('sorl-thumbnail||image||8e3b9557d6e966c1752ba72eb45f2749', '{"size": [1500, 1500], "storage": "django.core.files.storage.FileSystemStorage", "name": "cache/cc/ee/cceee259bcad4fcddafaf48d3549d119.jpg"}');
INSERT INTO thumbnail_kvstore ("key", value) VALUES ('sorl-thumbnail||image||d5004fd67e7bcaae2d3b9b3dbfc2c6e8', '{"size": [1500, 1125], "storage": "django.core.files.storage.FileSystemStorage", "name": "cache/55/58/55580e3b22775a5923e6778d06c4707c.jpg"}');
INSERT INTO thumbnail_kvstore ("key", value) VALUES ('sorl-thumbnail||image||fbdccd32dbe7a2969db3458e272a7292', '{"size": [1500, 1000], "storage": "django.core.files.storage.FileSystemStorage", "name": "cache/ab/93/ab93021e05081c2181bd4e5520c623db.jpg"}');
INSERT INTO thumbnail_kvstore ("key", value) VALUES ('sorl-thumbnail||image||770afe378ba14facf8636a2c5525b49e', '{"size": [4190, 2793], "storage": "django.core.files.storage.FileSystemStorage", "name": "albumphotos/IMG_0138.jpg"}');
INSERT INTO thumbnail_kvstore ("key", value) VALUES ('sorl-thumbnail||image||ef5ec9d523c4889db0083ec28d39d287', '{"size": [1500, 1000], "storage": "django.core.files.storage.FileSystemStorage", "name": "cache/f7/dd/f7dd652205f1dfd23d25c659be4d9118.jpg"}');
INSERT INTO thumbnail_kvstore ("key", value) VALUES ('sorl-thumbnail||thumbnails||770afe378ba14facf8636a2c5525b49e', '["ef5ec9d523c4889db0083ec28d39d287"]');
INSERT INTO thumbnail_kvstore ("key", value) VALUES ('sorl-thumbnail||image||535d2bb0ac286a206faaebf430c0f63b', '{"size": [400, 400], "storage": "django.core.files.storage.FileSystemStorage", "name": "cache/6d/86/6d868aa14b76104b2a0bb8cad51d1ac5.jpg"}');
INSERT INTO thumbnail_kvstore ("key", value) VALUES ('sorl-thumbnail||image||04bce894ac64820c957b7653df8227b4', '{"size": [400, 400], "storage": "django.core.files.storage.FileSystemStorage", "name": "cache/6d/86/6d868aa14b76104b2a0bb8cad51d1ac5_3yj8Ehi.jpg"}');
INSERT INTO thumbnail_kvstore ("key", value) VALUES ('sorl-thumbnail||image||ee58239ad006d5a2105d77834d3cd256', '{"size": [5616, 3744], "storage": "django.core.files.storage.FileSystemStorage", "name": "albumphotos/IMG_0241_f.jpg"}');
INSERT INTO thumbnail_kvstore ("key", value) VALUES ('sorl-thumbnail||image||9e047502bd467037d5eee4245be82778', '{"size": [1500, 1000], "storage": "django.core.files.storage.FileSystemStorage", "name": "cache/11/ca/11cae3a769812c9f5e1c0f1b82ac83cf.jpg"}');
INSERT INTO thumbnail_kvstore ("key", value) VALUES ('sorl-thumbnail||thumbnails||ee58239ad006d5a2105d77834d3cd256', '["9e047502bd467037d5eee4245be82778"]');
INSERT INTO thumbnail_kvstore ("key", value) VALUES ('sorl-thumbnail||image||dc0a605e50bafde3dc34a3c70003bdd6', '{"size": [1500, 1000], "storage": "django.core.files.storage.FileSystemStorage", "name": "cache/11/ca/11cae3a769812c9f5e1c0f1b82ac83cf_W3CVhTl.jpg"}');
INSERT INTO thumbnail_kvstore ("key", value) VALUES ('sorl-thumbnail||image||52eb5de22ef5236756ac4df957ae930b', '{"size": [1500, 1000], "storage": "django.core.files.storage.FileSystemStorage", "name": "cache/11/ca/11cae3a769812c9f5e1c0f1b82ac83cf_KgVCrmw.jpg"}');
INSERT INTO thumbnail_kvstore ("key", value) VALUES ('sorl-thumbnail||image||f962970bbb9dddb81e10f56d49ade436', '{"size": [1500, 1000], "storage": "django.core.files.storage.FileSystemStorage", "name": "cache/11/ca/11cae3a769812c9f5e1c0f1b82ac83cf_xGRZzup.jpg"}');
INSERT INTO thumbnail_kvstore ("key", value) VALUES ('sorl-thumbnail||image||a01c44fa8a6c43197bfbf62b63314431', '{"size": [1500, 1000], "storage": "django.core.files.storage.FileSystemStorage", "name": "cache/11/ca/11cae3a769812c9f5e1c0f1b82ac83cf_mCR8ZuS.jpg"}');
INSERT INTO thumbnail_kvstore ("key", value) VALUES ('sorl-thumbnail||image||ccb1ec42ef2a82046b908d9e10f6bcd4', '{"size": [400, 400], "storage": "django.core.files.storage.FileSystemStorage", "name": "cache/37/e7/37e78c24cb7fe62b295f64027c820a3d.jpg"}');
INSERT INTO thumbnail_kvstore ("key", value) VALUES ('sorl-thumbnail||image||132345c21fdc88e29d80c088878b4ce0', '{"size": [400, 400], "storage": "django.core.files.storage.FileSystemStorage", "name": "cache/37/e7/37e78c24cb7fe62b295f64027c820a3d_pdDUesc.jpg"}');
INSERT INTO thumbnail_kvstore ("key", value) VALUES ('sorl-thumbnail||image||2271d17a1c817b7d2b334b814ac78380', '{"size": [400, 400], "storage": "django.core.files.storage.FileSystemStorage", "name": "cache/37/e7/37e78c24cb7fe62b295f64027c820a3d_2pem38r.jpg"}');
INSERT INTO thumbnail_kvstore ("key", value) VALUES ('sorl-thumbnail||image||515499e8dbd4859625311061a7e4a671', '{"size": [400, 400], "storage": "django.core.files.storage.FileSystemStorage", "name": "cache/37/e7/37e78c24cb7fe62b295f64027c820a3d_PzIVwsp.jpg"}');
INSERT INTO thumbnail_kvstore ("key", value) VALUES ('sorl-thumbnail||image||ce27f74622eb6e015f836301b4ee252b', '{"size": [5616, 3744], "storage": "django.core.files.storage.FileSystemStorage", "name": "albumphotos/IMG_0222.jpg"}');
INSERT INTO thumbnail_kvstore ("key", value) VALUES ('sorl-thumbnail||image||d876009b9beb2da249d9eb58d2a3c92d', '{"size": [1500, 1000], "storage": "django.core.files.storage.FileSystemStorage", "name": "cache/c2/a9/c2a9e6446a9da97ee0328f910326bcfb.jpg"}');
INSERT INTO thumbnail_kvstore ("key", value) VALUES ('sorl-thumbnail||image||2f272c25cdc0fdb3f59522787246cd52', '{"size": [1500, 1000], "storage": "django.core.files.storage.FileSystemStorage", "name": "cache/c2/a9/c2a9e6446a9da97ee0328f910326bcfb_B8BRGUU.jpg"}');
INSERT INTO thumbnail_kvstore ("key", value) VALUES ('sorl-thumbnail||thumbnails||ce27f74622eb6e015f836301b4ee252b', '["d876009b9beb2da249d9eb58d2a3c92d"]');
INSERT INTO thumbnail_kvstore ("key", value) VALUES ('sorl-thumbnail||image||e56742242daf011268335e637edef6c1', '{"size": [1500, 1000], "storage": "django.core.files.storage.FileSystemStorage", "name": "cache/c2/a9/c2a9e6446a9da97ee0328f910326bcfb_eLVUU8j.jpg"}');
INSERT INTO thumbnail_kvstore ("key", value) VALUES ('sorl-thumbnail||image||b301d7498a5d070115eadee1586222aa', '{"size": [1500, 1000], "storage": "django.core.files.storage.FileSystemStorage", "name": "cache/c2/a9/c2a9e6446a9da97ee0328f910326bcfb_ZD8kRbC.jpg"}');
INSERT INTO thumbnail_kvstore ("key", value) VALUES ('sorl-thumbnail||image||1fd64d2eca3570ca6cc31aa246e93979', '{"size": [1500, 1000], "storage": "django.core.files.storage.FileSystemStorage", "name": "cache/c2/a9/c2a9e6446a9da97ee0328f910326bcfb_C9cWjUx.jpg"}');
INSERT INTO thumbnail_kvstore ("key", value) VALUES ('sorl-thumbnail||image||7ef0b3541ba045aa717f8762a6f7e9d3', '{"size": [400, 400], "storage": "django.core.files.storage.FileSystemStorage", "name": "cache/b4/ed/b4ed68391d6b980f08e086320efeee16.jpg"}');
INSERT INTO thumbnail_kvstore ("key", value) VALUES ('sorl-thumbnail||image||40d7af1da2a1d73ccc7ad59e4b17c1e7', '{"size": [400, 400], "storage": "django.core.files.storage.FileSystemStorage", "name": "cache/b4/ed/b4ed68391d6b980f08e086320efeee16_2PxJcSw.jpg"}');
INSERT INTO thumbnail_kvstore ("key", value) VALUES ('sorl-thumbnail||image||fc439d87a785f5536ce1f43883faa953', '{"size": [400, 400], "storage": "django.core.files.storage.FileSystemStorage", "name": "cache/b4/ed/b4ed68391d6b980f08e086320efeee16_BMQkDIz.jpg"}');
INSERT INTO thumbnail_kvstore ("key", value) VALUES ('sorl-thumbnail||image||d66398504de1deea5881bcb260bb6884', '{"size": [400, 400], "storage": "django.core.files.storage.FileSystemStorage", "name": "cache/b4/ed/b4ed68391d6b980f08e086320efeee16_aCBFHmw.jpg"}');
INSERT INTO thumbnail_kvstore ("key", value) VALUES ('sorl-thumbnail||image||5a1caa4447617378c49f0e6d9a8acf8b', '{"size": [400, 400], "storage": "django.core.files.storage.FileSystemStorage", "name": "cache/b4/ed/b4ed68391d6b980f08e086320efeee16_DcdArS5.jpg"}');
